signal_time,entry_datetime,entry_month,entry_time,entry_price,entry_spread,vix_at_entry,vix_at_entry_time,indicator,exit_datetime,exit_spread,exit_price,exit_reason,sl_price,price_difference,pnl,expiry,opttype,buy_leg_strike,sell_leg_strike,buy_leg_entry_price,sell_leg_entry_price,buy_leg_exit_price,sell_leg_exit_price,max_profit_time,max_profit_pnl,min_profit_time,min_profit_pnl
2022-01-10 10:00:00,2022-01-10 10:16:00,January,10:16:00,17966.2,62.65,18.14,2022-01-10T10:16:00.000000,vix_higher_than_threshold,2022-01-10 11:24:00,67.25,17937.6,stop_loss,17939.2507,-1.6507000000019616,-230.00000000000006,2022-01-13,PE,17750,17950,43.65,106.3,47.3,114.55,2022-01-10 11:08:00,162.49999999999966,2022-01-10 11:24:00,-230.00000000000006
2022-01-11 10:30:00,2022-01-11 10:46:00,January,10:46:00,18038.45,66.30000000000001,17.96,2022-01-11T10:46:00.000000,vix_lower_than_threshold,2022-01-11 14:42:00,70.65,18006.3,stop_loss,18011.392325,-5.092325000001438,-217.50000000000006,2022-01-13,PE,17850,18050,41.6,107.9,37.55,108.2,2022-01-11 13:36:00,787.5000000000006,2022-01-11 14:42:00,-217.50000000000006
2022-01-11 15:00:00,2022-01-11 15:16:00,January,15:16:00,18051.1,61.150000000000006,17.78,2022-01-11T15:16:00.000000,vix_lower_than_threshold,2022-01-12 13:01:00,15.95,18182.25,time_exit,18024.02335,158.22665000000052,2260.0,2022-01-13,PE,17850,18050,31.3,92.45,5.55,21.5,2022-01-12 11:38:00,2447.5,2022-01-12 12:58:00,2252.5
2022-01-12 13:30:00,2022-01-12 13:46:00,January,13:46:00,18193.9,49.8,17.29,2022-01-12T13:46:00.000000,vix_lower_than_threshold,2022-01-12 13:56:00,55.699999999999996,18165.4,stop_loss,18166.60915,-1.2091499999987718,-294.9999999999998,2022-01-13,PE,18000,18200,12.35,62.15,14.15,69.85,2022-01-12 13:46:00,-12.499999999999911,2022-01-12 13:56:00,-294.9999999999998
2022-01-13 11:15:00,2022-01-13 11:31:00,January,11:31:00,18233.95,40.1,16.9,2022-01-13T11:31:00.000000,vix_lower_than_threshold,2022-01-13 13:06:00,42.800000000000004,18205.2,stop_loss,18206.599075000002,-1.3990750000011758,-135.00000000000014,2022-01-13,PE,18050,18250,2.3,42.4,1.55,44.35,2022-01-13 12:17:00,779.9999999999999,2022-01-13 13:01:00,-415.0000000000002
2022-01-13 13:30:00,2022-01-13 13:46:00,January,13:46:00,18227.35,34.3,16.77,2022-01-13T13:46:00.000000,vix_lower_than_threshold,2022-01-13 15:20:00,0.7,18264.7,time_exit,18200.008974999997,64.69102500000372,1680.0,2022-01-13,PE,18050,18250,0.85,35.15,0.05,0.75,2022-01-13 15:19:00,1697.5000000000002,2022-01-13 15:20:00,1680.0
2022-01-14 14:45:00,2022-01-14 15:01:00,January,15:01:00,18272.0,61.85000000000001,16.56,2022-01-14T15:01:00.000000,vix_lower_than_threshold,2022-01-14 15:20:00,68.10000000000001,18241.55,stop_loss,18244.592,-3.0420000000012806,-312.5,2022-01-20,PE,18050,18250,48.05,109.9,52.55,120.65,2022-01-14 15:05:00,82.50000000000064,2022-01-14 15:20:00,-312.5
2022-01-17 10:00:00,2022-01-17 10:16:00,January,10:16:00,18288.9,70.45,17.13,2022-01-17T10:16:00.000000,vix_lower_than_threshold,2022-01-17 13:45:00,73.44999999999999,18260.65,stop_loss,18261.466650000002,-0.8166500000006636,-149.99999999999966,2022-01-20,PE,18100,18300,44.25,114.7,44.35,117.8,2022-01-17 11:58:00,417.4999999999997,2022-01-17 13:45:00,-149.99999999999966
2022-01-17 13:45:00,2022-01-17 14:01:00,January,14:01:00,18307.1,62.449999999999996,16.84,2022-01-17T14:01:00.000000,vix_lower_than_threshold,2022-01-18 09:38:00,63.99999999999999,18278.5,stop_loss,18279.639349999998,-1.1393499999976484,-77.49999999999986,2022-01-20,PE,18100,18300,33.65,96.1,32.1,96.1,2022-01-18 09:20:00,669.9999999999998,2022-01-18 09:38:00,-77.49999999999986
2022-01-31 12:00:00,2022-01-31 12:16:00,January,12:16:00,17383.75,79.80000000000001,22.0,2022-01-31T12:16:00.000000,vix_higher_than_threshold,2022-01-31 12:42:00,82.5,17349.75,stop_loss,17357.674375,-7.92437499999869,-134.99999999999943,2022-02-03,PE,17200,17400,164.2,244.0,171.55,254.05,2022-01-31 12:20:00,87.5,2022-01-31 12:34:00,-144.99999999999886
2022-01-31 12:45:00,2022-01-31 13:01:00,January,13:01:00,17394.3,78.44999999999999,22.0,2022-01-31T13:01:00.000000,vix_higher_than_threshold,2022-01-31 13:05:00,82.04999999999998,17363.3,stop_loss,17368.20855,-4.908550000000105,-179.99999999999972,2022-02-03,PE,17200,17400,161.8,240.25,168.9,250.95,2022-01-31 13:01:00,-47.50000000000085,2022-01-31 13:04:00,-212.5
2022-01-31 14:00:00,2022-01-31 14:16:00,January,14:16:00,17382.6,80.30000000000001,21.84,2022-01-31T14:16:00.000000,vix_higher_than_threshold,2022-01-31 15:01:00,85.14999999999998,17346.05,stop_loss,17356.5261,-10.47609999999986,-242.4999999999983,2022-02-03,PE,17200,17400,160.1,240.4,168.3,253.45,2022-01-31 14:34:00,107.50000000000028,2022-01-31 15:01:00,-242.4999999999983
2022-02-01 09:45:00,2022-02-01 10:01:00,February,10:01:00,17548.75,81.6,21.87,2022-02-01T10:01:00.000000,vix_higher_than_threshold,2022-02-01 11:28:00,90.25,17519.15,stop_loss,17522.426875,-3.2768749999995634,-432.5000000000003,2022-02-03,PE,17350,17550,149.3,230.9,147.3,237.55,2022-02-01 10:33:00,215.00000000000057,2022-02-01 11:28:00,-432.5000000000003
2022-02-01 11:45:00,2022-02-01 12:01:00,February,12:01:00,17595.2,84.19999999999999,21.38,2022-02-01T12:01:00.000000,vix_higher_than_threshold,2022-02-01 12:05:00,83.44999999999999,17566.95,stop_loss,17568.8072,-1.8571999999985565,37.5,2022-02-03,PE,17400,17600,140.3,224.5,134.4,217.85,2022-02-01 12:04:00,134.99999999999943,2022-02-01 12:05:00,37.5
2022-02-01 14:00:00,2022-02-01 14:16:00,February,14:16:00,17541.45,78.85,20.06,2022-02-01T14:16:00.000000,vix_higher_than_threshold,2022-02-02 12:01:00,10.600000000000001,17761.15,time_exit,17515.137825,246.01217499999984,3412.5,2022-02-03,PE,17350,17550,69.4,148.25,6.75,17.35,2022-02-02 12:01:00,3412.5,2022-02-02 12:01:00,3412.5
2022-02-02 12:30:00,2022-02-02 12:46:00,February,12:46:00,17759.55,55.150000000000006,18.76,2022-02-02T12:46:00.000000,vix_higher_than_threshold,2022-02-02 12:56:00,59.3,17732.35,stop_loss,17732.910675,-0.5606750000006286,-207.49999999999974,2022-02-03,PE,17550,17750,18.25,73.4,19.7,79.0,2022-02-02 12:49:00,47.50000000000032,2022-02-02 12:56:00,-207.49999999999974
2022-02-02 15:15:00,2022-02-03 09:16:00,February,09:16:00,17760.5,39.349999999999994,18.64,2022-02-03T09:16:00.000000,vix_higher_than_threshold,2022-02-03 09:17:00,41.199999999999996,17727.45,stop_loss,17733.85925,-6.409250000000611,-92.50000000000003,2022-02-03,PE,17550,17750,4.45,43.8,4.1,45.3,2022-02-03 09:16:00,-15.000000000000169,2022-02-03 09:17:00,-92.50000000000003
2022-02-09 13:15:00,2022-02-09 13:31:00,February,13:31:00,17410.95,46.95,18.97,2022-02-09T13:31:00.000000,vix_higher_than_threshold,2022-02-10 11:16:00,3.2499999999999996,17576.55,time_exit,17384.833575,191.7164249999987,2185.0,2022-02-10,PE,17200,17400,11.7,58.65,1.6,4.85,2022-02-10 11:14:00,2195.0,2022-02-10 11:16:00,2185.0
2022-02-10 11:30:00,2022-02-10 11:46:00,February,11:46:00,17610.5,26.8,18.21,2022-02-10T11:46:00.000000,vix_higher_than_threshold,2022-02-10 12:20:00,35.0,17579.95,stop_loss,17584.08425,-4.134249999999156,-410.00000000000006,2022-02-10,PE,17400,17600,3.3,30.1,3.2,38.2,2022-02-10 11:52:00,255.0000000000001,2022-02-10 12:20:00,-410.00000000000006
2022-02-10 12:30:00,2022-02-10 12:46:00,February,12:46:00,17604.4,22.05,17.96,2022-02-10T12:46:00.000000,vix_lower_than_threshold,2022-02-10 15:20:00,0.8999999999999999,17601.7,time_exit,17577.993400000003,23.706599999997707,1057.5,2022-02-10,PE,17400,17600,1.75,23.8,0.05,0.95,2022-02-10 15:17:00,1070.0,2022-02-10 15:19:00,1057.5
2022-02-16 11:15:00,2022-02-16 11:31:00,February,11:31:00,17323.35,52.24999999999999,20.56,2022-02-16T11:31:00.000000,vix_higher_than_threshold,2022-02-16 11:38:00,59.1,17295.95,stop_loss,17297.364974999997,-1.4149749999960477,-342.50000000000045,2022-02-17,PE,17100,17300,30.35,82.6,33.85,92.95,2022-02-16 11:31:00,-12.500000000000355,2022-02-16 11:36:00,-347.5000000000005
2022-02-16 12:15:00,2022-02-16 12:31:00,February,12:31:00,17372.05,47.849999999999994,20.16,2022-02-16T12:31:00.000000,vix_higher_than_threshold,2022-02-16 14:49:00,55.550000000000004,17326.05,stop_loss,17345.991925,-19.941924999999173,-385.0000000000005,2022-02-17,PE,17150,17350,26.5,74.35,24.15,79.7,2022-02-16 13:53:00,1507.4999999999995,2022-02-16 14:49:00,-385.0000000000005
2022-02-17 13:30:00,2022-02-17 13:46:00,February,13:46:00,17407.2,26.65,20.9,2022-02-17T13:46:00.000000,vix_higher_than_threshold,2022-02-17 13:57:00,39.3,17371.9,stop_loss,17381.089200000002,-9.18920000000071,-632.5,2022-02-17,PE,17200,17400,2.35,29.0,1.95,41.25,2022-02-17 13:50:00,17.49999999999996,2022-02-17 13:57:00,-632.5
2022-03-03 11:00:00,2022-03-03 11:16:00,March,11:16:00,16649.25,50.85,27.62,2022-03-03T11:16:00.000000,vix_higher_than_threshold,2022-03-03 12:15:00,52.25,16623.7,stop_loss,16624.276125,-0.5761249999995925,-70.00000000000011,2022-03-03,PE,16450,16650,13.65,64.5,9.6,61.85,2022-03-03 12:06:00,420.0,2022-03-03 12:15:00,-70.00000000000011
2022-03-09 12:15:00,2022-03-09 12:31:00,March,12:31:00,16227.9,74.4,27.8,2022-03-09T12:31:00.000000,vix_higher_than_threshold,2022-03-10 10:16:00,1.0999999999999999,16726.35,time_exit,16203.558149999999,522.7918499999996,3665.0,2022-03-10,PE,16050,16250,69.0,143.4,1.8,2.9,2022-03-10 09:19:00,3685.0,2022-03-10 09:45:00,3594.9999999999995
2022-03-10 11:00:00,2022-03-10 11:16:00,March,11:16:00,16733.5,84.95000000000002,24.34,2022-03-10T11:16:00.000000,vix_higher_than_threshold,2022-03-10 11:31:00,86.55000000000001,16703.1,stop_loss,16708.39975,-5.29975000000195,-79.99999999999972,2022-03-17,PE,16550,16750,157.1,242.05,159.45,246.0,2022-03-10 11:22:00,7.500000000000284,2022-03-10 11:29:00,-157.49999999999886
2022-03-11 13:15:00,2022-03-11 13:31:00,March,13:31:00,16621.95,70.4,25.49,2022-03-11T13:31:00.000000,vix_higher_than_threshold,2022-03-11 13:35:00,75.30000000000001,16585.5,stop_loss,16597.017075,-11.51707499999975,-245.00000000000028,2022-03-17,PE,16400,16600,150.85,221.25,160.6,235.9,2022-03-11 13:31:00,-39.99999999999915,2022-03-11 13:35:00,-245.00000000000028
2022-03-14 10:30:00,2022-03-14 10:46:00,March,10:46:00,16680.05,76.6,25.91,2022-03-14T10:46:00.000000,vix_higher_than_threshold,2022-03-14 14:46:00,52.14999999999999,16865.25,time_exit,16655.029925,210.2200750000011,1222.5000000000002,2022-03-17,PE,16500,16700,142.1,218.7,93.3,145.45,2022-03-14 14:46:00,1222.5000000000002,2022-03-14 14:46:00,1222.5000000000002
2022-03-15 10:00:00,2022-03-15 10:16:00,March,10:16:00,16869.85,71.95000000000002,26.0,2022-03-15T10:16:00.000000,vix_higher_than_threshold,2022-03-15 10:19:00,76.55,16842.4,stop_loss,16844.545224999998,-2.1452249999965716,-229.999999999999,2022-03-17,PE,16650,16850,105.35,177.3,114.45,191.0,2022-03-15 10:16:00,-27.499999999999147,2022-03-15 10:19:00,-229.999999999999
2022-03-15 11:45:00,2022-03-15 12:01:00,March,12:01:00,16880.05,78.70000000000002,25.94,2022-03-15T12:01:00.000000,vix_higher_than_threshold,2022-03-15 12:20:00,82.75,16853.6,stop_loss,16854.729925,-1.1299250000010943,-202.49999999999915,2022-03-17,PE,16700,16900,110.35,189.05,121.75,204.5,2022-03-15 12:04:00,80.00000000000043,2022-03-15 12:20:00,-202.49999999999915
2022-03-16 11:30:00,2022-03-16 11:46:00,March,11:46:00,16906.05,64.19999999999999,24.92,2022-03-16T11:46:00.000000,vix_higher_than_threshold,2022-03-16 13:11:00,69.35000000000001,16878.05,stop_loss,16880.690925,-2.6409249999996973,-257.5000000000006,2022-03-17,PE,16700,16900,49.65,113.85,57.55,126.9,2022-03-16 12:47:00,254.99999999999972,2022-03-16 13:04:00,-417.4999999999997
2022-03-16 13:15:00,2022-03-16 13:31:00,March,13:31:00,16910.05,64.7,24.75,2022-03-16T13:31:00.000000,vix_higher_than_threshold,2022-03-16 14:02:00,70.6,16882.95,stop_loss,16884.684924999998,-1.7349249999970198,-294.99999999999994,2022-03-17,PE,16700,16900,50.55,115.25,56.6,127.2,2022-03-16 13:46:00,94.99999999999993,2022-03-16 14:01:00,-304.9999999999994
2022-03-16 14:15:00,2022-03-16 14:31:00,March,14:31:00,16902.15,65.30000000000001,24.45,2022-03-16T14:31:00.000000,vix_higher_than_threshold,2022-03-17 12:16:00,1.25,17286.2,time_exit,16876.796775000003,409.4032249999982,3202.5,2022-03-17,PE,16700,16900,48.9,114.2,1.65,2.9,2022-03-17 11:54:00,3215.0,2022-03-17 12:10:00,3190.0
2022-03-17 15:15:00,2022-03-21 09:16:00,March,09:16:00,17335.7,72.75,23.56,2022-03-21T09:16:00.000000,vix_higher_than_threshold,2022-03-21 09:17:00,79.50000000000001,17282.3,stop_loss,17309.69645,-27.396450000000186,-337.5000000000007,2022-03-24,PE,17150,17350,109.25,182.0,123.05,202.55,2022-03-21 09:16:00,-54.999999999999716,2022-03-21 09:17:00,-337.5000000000007
2022-03-22 13:45:00,2022-03-22 14:01:00,March,14:01:00,17315.7,66.95,23.86,2022-03-22T14:01:00.000000,vix_higher_than_threshold,2022-03-22 14:07:00,72.0,17283.35,stop_loss,17289.726450000002,-6.376450000003388,-252.49999999999986,2022-03-24,PE,17100,17300,60.75,127.7,67.6,139.6,2022-03-22 14:01:00,-14.999999999999503,2022-03-22 14:07:00,-252.49999999999986
2022-03-22 15:00:00,2022-03-22 15:16:00,March,15:16:00,17316.9,62.8,24.0,2022-03-22T15:16:00.000000,vix_higher_than_threshold,2022-03-23 11:59:00,49.5,17290.65,stop_loss,17290.92465,-0.274649999999383,664.9999999999999,2022-03-24,PE,17100,17300,55.95,118.75,32.3,81.8,2022-03-23 09:51:00,1395.0,2022-03-23 10:27:00,-55.00000000000007
2022-03-29 10:45:00,2022-03-29 11:01:00,March,11:01:00,17290.55,56.5,21.88,2022-03-29T11:01:00.000000,vix_higher_than_threshold,2022-03-29 11:40:00,63.75,17259.25,stop_loss,17264.614175,-5.364174999998795,-362.5,2022-03-31,PE,17100,17300,37.55,94.05,43.05,106.8,2022-03-29 11:04:00,87.50000000000036,2022-03-29 11:39:00,-402.4999999999999
2022-03-29 12:15:00,2022-03-29 12:31:00,March,12:31:00,17275.6,57.800000000000004,21.67,2022-03-29T12:31:00.000000,vix_higher_than_threshold,2022-03-29 13:15:00,56.45,17238.0,stop_loss,17249.686599999997,-11.68659999999727,67.50000000000007,2022-03-31,PE,17100,17300,38.4,96.2,37.25,93.7,2022-03-29 13:12:00,657.5000000000002,2022-03-29 13:15:00,67.50000000000007
2022-03-29 14:00:00,2022-03-29 14:16:00,March,14:16:00,17279.65,55.74999999999999,21.5,2022-03-29T14:16:00.000000,vix_higher_than_threshold,2022-03-30 12:01:00,13.4,17503.6,time_exit,17253.730525000003,249.86947499999587,2117.4999999999995,2022-03-31,PE,17100,17300,33.6,89.35,8.35,21.75,2022-03-30 11:10:00,2192.4999999999995,2022-03-30 11:46:00,2085.0
2022-03-30 13:00:00,2022-03-30 13:16:00,March,13:16:00,17496.9,44.0,20.38,2022-03-30T13:16:00.000000,vix_higher_than_threshold,2022-03-30 13:44:00,56.8,17448.75,stop_loss,17470.65465,-21.9046500000004,-640.0,2022-03-31,PE,17300,17500,19.0,63.0,22.2,79.0,2022-03-30 13:20:00,29.999999999999893,2022-03-30 13:44:00,-640.0
2022-03-30 14:15:00,2022-03-30 14:31:00,March,14:31:00,17482.65,52.400000000000006,20.7,2022-03-30T14:31:00.000000,vix_higher_than_threshold,2022-03-31 12:16:00,41.75,17476.7,time_exit,17456.426025,20.273975000000064,532.5,2022-03-31,PE,17300,17500,18.3,70.7,2.85,44.6,2022-03-31 09:52:00,1620.0,2022-03-31 12:11:00,-249.99999999999974
2022-04-01 13:15:00,2022-04-01 13:31:00,April,13:31:00,17568.15,64.75,19.36,2022-04-01T13:31:00.000000,vix_higher_than_threshold,2022-04-04 11:16:00,9.2,17990.35,time_exit,17541.797775000003,448.5522249999958,2777.5,2022-04-07,PE,17350,17550,70.35,135.1,12.75,21.95,2022-04-04 10:40:00,2837.5000000000005,2022-04-04 11:10:00,2722.5
2022-04-04 13:00:00,2022-04-04 13:16:00,April,13:16:00,17972.3,60.8,18.28,2022-04-04T13:16:00.000000,vix_higher_than_threshold,2022-04-05 11:01:00,47.49999999999999,18008.85,time_exit,17945.34155,63.50844999999754,665.0000000000002,2022-04-07,PE,17750,17950,43.45,104.25,24.35,71.85,2022-04-05 09:29:00,1439.9999999999998,2022-04-05 10:41:00,62.5
2022-04-05 14:30:00,2022-04-05 14:46:00,April,14:46:00,18009.1,56.15,18.34,2022-04-05T14:46:00.000000,vix_higher_than_threshold,2022-04-05 15:08:00,60.8,17976.85,stop_loss,17982.086349999998,-5.23634999999922,-232.49999999999974,2022-04-07,PE,17800,18000,24.35,80.5,26.8,87.6,2022-04-05 14:46:00,-15.000000000000213,2022-04-05 15:04:00,-260.00000000000034
2022-04-21 11:00:00,2022-04-21 11:16:00,April,11:16:00,17334.45,42.5,18.19,2022-04-21T11:16:00.000000,vix_higher_than_threshold,2022-04-21 15:16:00,0.19999999999999998,17386.9,time_exit,17308.448325,78.45167500000025,2115.0,2022-04-21,PE,17150,17350,5.45,47.95,0.1,0.3,2022-04-21 15:03:00,2115.0,2022-04-21 15:09:00,2057.5000000000005
2022-04-28 11:45:00,2022-04-28 12:01:00,April,12:01:00,17170.55,24.900000000000002,19.85,2022-04-28T12:01:00.000000,vix_higher_than_threshold,2022-04-28 15:20:00,0.0,17241.65,time_exit,17144.794175,96.85582500000237,1245.0,2022-04-28,PE,16950,17150,2.65,27.55,0.1,0.1,2022-04-28 15:18:00,1245.0,2022-04-28 15:18:00,1245.0
2022-04-29 10:15:00,2022-04-29 10:31:00,April,10:31:00,17307.1,68.14999999999999,18.96,2022-04-29T10:31:00.000000,vix_higher_than_threshold,2022-04-29 14:10:00,72.7,17279.7,stop_loss,17281.139349999998,-1.4393499999969208,-227.50000000000057,2022-05-05,PE,17100,17300,71.7,139.85,75.8,148.5,2022-04-29 13:12:00,694.9999999999999,2022-04-29 14:08:00,-227.50000000000057
2022-05-17 10:30:00,2022-05-17 10:46:00,May,10:46:00,16072.0,64.95,23.48,2022-05-17T10:46:00.000000,vix_higher_than_threshold,2022-05-17 14:46:00,33.15,16230.45,time_exit,16047.892,182.5580000000009,1590.0000000000002,2022-05-19,PE,15850,16050,66.05,131.0,28.85,62.0,2022-05-17 14:44:00,1609.9999999999998,2022-05-17 14:45:00,1582.5
2022-05-17 15:15:00,2022-05-18 09:16:00,May,09:16:00,16322.35,60.24999999999999,22.42,2022-05-18T09:16:00.000000,vix_higher_than_threshold,2022-05-18 12:19:00,62.1,16297.3,stop_loss,16297.866475,-0.5664750000014465,-92.50000000000043,2022-05-19,PE,16100,16300,38.35,98.6,38.85,100.95,2022-05-18 09:53:00,884.9999999999998,2022-05-18 10:17:00,-305.00000000000045
2022-05-18 13:30:00,2022-05-18 13:46:00,May,13:46:00,16348.1,61.800000000000004,22.27,2022-05-18T13:46:00.000000,vix_higher_than_threshold,2022-05-18 13:49:00,63.60000000000001,16323.0,stop_loss,16323.57785,-0.5778499999996711,-90.00000000000003,2022-05-19,PE,16150,16350,29.85,91.65,30.8,94.4,2022-05-18 13:46:00,-12.499999999999467,2022-05-18 13:49:00,-90.00000000000003
2022-05-20 13:00:00,2022-05-20 13:16:00,May,13:16:00,16211.9,73.85,23.48,2022-05-20T13:16:00.000000,vix_higher_than_threshold,2022-05-20 13:58:00,78.4,16183.65,stop_loss,16187.58215,-3.932150000000547,-227.50000000000057,2022-05-26,PE,16000,16200,114.25,188.1,121.1,199.5,2022-05-20 13:24:00,84.99999999999943,2022-05-20 13:43:00,-272.5000000000001
2022-05-20 14:30:00,2022-05-20 14:46:00,May,14:46:00,16235.6,76.55000000000001,23.25,2022-05-20T14:46:00.000000,vix_higher_than_threshold,2022-05-23 09:35:00,83.94999999999999,16207.75,stop_loss,16211.2466,-3.4966000000003987,-369.99999999999886,2022-05-26,PE,16050,16250,112.85,189.4,115.15,199.1,2022-05-23 09:16:00,717.4999999999998,2022-05-23 09:35:00,-369.99999999999886
2022-05-23 09:45:00,2022-05-23 10:01:00,May,10:01:00,16309.35,76.45000000000002,23.47,2022-05-23T10:01:00.000000,vix_higher_than_threshold,2022-05-23 14:01:00,72.19999999999999,16313.3,time_exit,16284.885975000001,28.41402499999822,212.50000000000142,2022-05-26,PE,16100,16300,98.35,174.8,86.65,158.85,2022-05-23 13:31:00,1170.0000000000007,2022-05-23 14:01:00,212.50000000000142
2022-05-27 12:15:00,2022-05-27 12:31:00,May,12:31:00,16284.85,77.55,21.8,2022-05-27T12:31:00.000000,vix_higher_than_threshold,2022-05-30 10:16:00,22.6,16625.2,time_exit,16260.422725,364.7772750000004,2747.500000000001,2022-06-02,PE,16100,16300,108.7,186.25,21.35,43.95,2022-05-30 10:05:00,2767.5000000000005,2022-05-30 10:13:00,2710.000000000001
2022-05-30 10:45:00,2022-05-30 11:01:00,May,11:01:00,16655.65,74.05,20.26,2022-05-30T11:01:00.000000,vix_higher_than_threshold,2022-05-30 14:14:00,75.20000000000002,16625.85,stop_loss,16630.666525,-4.816525000002002,-57.500000000000995,2022-06-02,PE,16450,16650,71.95,146.0,70.6,145.8,2022-05-30 11:45:00,402.4999999999995,2022-05-30 12:55:00,-120.00000000000028
2022-05-30 14:45:00,2022-05-30 15:01:00,May,15:01:00,16659.1,69.49999999999999,20.08,2022-05-30T15:01:00.000000,vix_higher_than_threshold,2022-05-31 09:15:00,85.14999999999999,16557.45,stop_loss,16634.11135,-76.66134999999849,-782.5000000000002,2022-06-02,PE,16450,16650,62.2,131.7,69.8,154.95,2022-05-30 15:04:00,17.499999999999005,2022-05-31 09:15:00,-782.5000000000002
2022-05-31 13:30:00,2022-05-31 13:46:00,May,13:46:00,16658.75,66.15,20.01,2022-05-31T13:46:00.000000,vix_higher_than_threshold,2022-05-31 15:00:00,71.35,16619.05,stop_loss,16633.761875,-14.711875000000873,-259.99999999999943,2022-06-02,PE,16450,16650,49.25,115.4,53.5,124.85,2022-05-31 14:05:00,390.00000000000057,2022-05-31 14:40:00,-307.49999999999955
2022-06-03 10:45:00,2022-06-03 11:01:00,June,11:01:00,16746.15,75.0,19.22,2022-06-03T11:01:00.000000,vix_higher_than_threshold,2022-06-03 11:05:00,79.55,16720.6,stop_loss,16721.030775000003,-0.43077500000435975,-227.49999999999986,2022-06-09,PE,16550,16750,83.4,158.4,88.2,167.75,2022-06-03 11:01:00,-24.99999999999929,2022-06-03 11:05:00,-227.49999999999986
2022-06-03 11:30:00,2022-06-03 11:46:00,June,11:46:00,16755.15,74.05,19.23,2022-06-03T11:46:00.000000,vix_higher_than_threshold,2022-06-03 12:25:00,80.05,16725.75,stop_loss,16730.017275000002,-4.267275000001973,-300.0,2022-06-09,PE,16550,16750,80.45,154.5,86.7,166.75,2022-06-03 12:03:00,82.49999999999957,2022-06-03 12:25:00,-300.0
2022-06-03 14:00:00,2022-06-03 14:16:00,June,14:16:00,16713.7,73.1,19.61,2022-06-03T14:16:00.000000,vix_higher_than_threshold,2022-06-03 14:20:00,77.60000000000001,16680.4,stop_loss,16688.62945,-8.229449999998906,-225.0000000000007,2022-06-09,PE,16500,16700,77.35,150.45,81.95,159.55,2022-06-03 14:17:00,-15.000000000000568,2022-06-03 14:20:00,-225.0000000000007
2022-06-21 11:00:00,2022-06-21 11:16:00,June,11:16:00,15583.55,66.19999999999999,21.5,2022-06-21T11:16:00.000000,vix_higher_than_threshold,2022-06-21 15:16:00,45.550000000000004,15645.85,time_exit,15560.174674999998,85.67532500000198,1032.4999999999995,2022-06-23,PE,15400,15600,55.15,121.35,35.65,81.2,2022-06-21 14:34:00,1405.0,2022-06-21 15:04:00,652.4999999999995
2022-06-23 10:45:00,2022-06-23 11:01:00,June,11:01:00,15612.5,69.60000000000001,21.06,2022-06-23T11:01:00.000000,vix_higher_than_threshold,2022-06-23 11:43:00,75.05000000000001,15584.65,stop_loss,15589.08125,-4.431249999999636,-272.5000000000001,2022-06-30,PE,15400,15600,104.2,173.8,112.1,187.15,2022-06-23 11:07:00,64.99999999999986,2022-06-23 11:43:00,-272.5000000000001
2022-06-23 13:30:00,2022-06-23 13:46:00,June,13:46:00,15550.05,71.55,21.02,2022-06-23T13:46:00.000000,vix_higher_than_threshold,2022-06-23 13:47:00,73.9,15526.7,stop_loss,15526.724924999999,-0.024924999997892883,-117.50000000000043,2022-06-30,PE,15350,15550,101.3,172.85,104.85,178.75,2022-06-23 13:46:00,-37.50000000000071,2022-06-23 13:47:00,-117.50000000000043
2022-06-24 13:45:00,2022-06-24 14:01:00,June,14:01:00,15678.25,73.75,20.74,2022-06-24T14:01:00.000000,vix_higher_than_threshold,2022-06-27 11:46:00,44.199999999999996,15842.25,time_exit,15654.732625,187.51737499999945,1477.5000000000002,2022-06-30,PE,15500,15700,95.35,169.1,39.35,83.55,2022-06-27 09:37:00,2094.9999999999995,2022-06-27 11:45:00,1450.0000000000005
2022-06-27 12:30:00,2022-06-27 12:46:00,June,12:46:00,15887.1,72.85000000000001,20.8,2022-06-27T12:46:00.000000,vix_higher_than_threshold,2022-06-27 14:22:00,77.85000000000001,15863.05,stop_loss,15863.26935,-0.21935000000121363,-250.0,2022-06-30,PE,15700,15900,64.7,137.55,67.8,145.65,2022-06-27 13:29:00,245.00000000000063,2022-06-27 14:17:00,-257.49999999999955
2022-06-28 14:15:00,2022-06-28 14:31:00,June,14:31:00,15825.5,69.25,21.45,2022-06-28T14:31:00.000000,vix_higher_than_threshold,2022-06-29 09:15:00,115.0,15694.5,stop_loss,15801.76175,-107.26174999999967,-2287.5,2022-06-30,PE,15650,15850,43.0,112.25,67.5,182.5,2022-06-28 15:29:00,437.5,2022-06-29 09:15:00,-2287.5
2022-06-29 14:00:00,2022-06-29 14:16:00,June,14:16:00,15849.0,64.9,21.85,2022-06-29T14:16:00.000000,vix_higher_than_threshold,2022-06-29 14:34:00,69.45,15822.35,stop_loss,15825.2265,-2.8765000000003056,-227.50000000000023,2022-06-30,PE,15650,15850,30.4,95.3,32.0,101.45,2022-06-29 14:30:00,167.49999999999972,2022-06-29 14:34:00,-227.50000000000023
2022-07-04 14:00:00,2022-07-04 14:16:00,July,14:16:00,15772.2,67.1,21.35,2022-07-04T14:16:00.000000,vix_higher_than_threshold,2022-07-05 12:01:00,21.049999999999997,16013.3,time_exit,15748.541700000002,264.7582999999977,2302.5,2022-07-07,PE,15550,15750,53.2,120.3,12.5,33.55,2022-07-05 11:45:00,2327.5,2022-07-05 11:52:00,2237.5
2022-07-06 12:45:00,2022-07-06 13:01:00,July,13:01:00,15974.1,52.64999999999999,20.5,2022-07-06T13:01:00.000000,vix_higher_than_threshold,2022-07-06 14:00:00,57.99999999999999,15944.6,stop_loss,15950.138850000001,-5.538850000000821,-267.4999999999999,2022-07-07,PE,15750,15950,29.45,82.1,29.85,87.85,2022-07-06 13:40:00,319.9999999999998,2022-07-06 14:00:00,-267.4999999999999
2022-07-06 14:45:00,2022-07-06 15:01:00,July,15:01:00,15971.95,48.7,20.35,2022-07-06T15:01:00.000000,vix_higher_than_threshold,2022-07-07 12:46:00,5.949999999999999,16092.85,time_exit,15947.992075,144.85792500000025,2137.5,2022-07-07,PE,15750,15950,21.7,70.4,1.4,7.35,2022-07-07 12:00:00,2215.0,2022-07-07 12:15:00,2077.5
2022-07-07 14:15:00,2022-07-07 14:31:00,July,14:31:00,16104.7,72.14999999999999,19.58,2022-07-07T14:31:00.000000,vix_higher_than_threshold,2022-07-07 15:20:00,65.89999999999999,16129.4,time_exit,16080.542950000001,48.85704999999871,312.5,2022-07-14,PE,15900,16100,84.3,156.45,68.3,134.2,2022-07-07 15:07:00,417.50000000000045,2022-07-07 15:15:00,142.49999999999972
2022-07-08 11:30:00,2022-07-08 11:46:00,July,11:46:00,16196.25,70.89999999999999,18.95,2022-07-08T11:46:00.000000,vix_higher_than_threshold,2022-07-08 14:29:00,74.5,16164.9,stop_loss,16171.955625,-7.055625000000873,-180.00000000000043,2022-07-14,PE,16000,16200,72.3,143.2,73.4,147.9,2022-07-08 13:41:00,332.4999999999992,2022-07-08 14:18:00,-247.50000000000085
2022-07-18 10:45:00,2022-07-18 11:01:00,July,11:01:00,16210.45,59.25,17.62,2022-07-18T11:01:00.000000,vix_lower_than_threshold,2022-07-18 15:01:00,42.75,16271.7,time_exit,16186.134325,85.56567499999983,825.0,2022-07-21,PE,16000,16200,33.8,93.05,20.9,63.65,2022-07-18 15:01:00,825.0,2022-07-18 15:01:00,825.0
2022-07-19 10:30:00,2022-07-19 10:46:00,July,10:46:00,16300.05,64.5,17.62,2022-07-19T10:46:00.000000,vix_lower_than_threshold,2022-07-19 11:43:00,69.44999999999999,16273.0,stop_loss,16275.599924999999,-2.5999249999986205,-247.49999999999977,2022-07-21,PE,16100,16300,30.25,94.75,35.35,104.8,2022-07-19 11:12:00,435.0000000000001,2022-07-19 11:43:00,-247.49999999999977
2022-07-19 12:00:00,2022-07-19 12:16:00,July,12:16:00,16307.15,59.4,17.42,2022-07-19T12:16:00.000000,vix_lower_than_threshold,2022-07-19 13:11:00,69.4,16280.65,stop_loss,16282.689274999999,-2.0392749999991793,-500.00000000000034,2022-07-21,PE,16100,16300,27.65,87.05,33.5,102.9,2022-07-19 12:36:00,275.0,2022-07-19 13:11:00,-500.00000000000034
2022-07-19 13:30:00,2022-07-19 13:46:00,July,13:46:00,16295.9,63.05,17.48,2022-07-19T13:46:00.000000,vix_lower_than_threshold,2022-07-20 11:31:00,5.6499999999999995,16562.75,time_exit,16271.45615,291.29385,2870.0000000000005,2022-07-21,PE,16100,16300,28.95,92.0,3.7,9.35,2022-07-20 11:18:00,2887.5,2022-07-20 11:27:00,2845.0000000000005
2022-07-20 12:15:00,2022-07-20 12:31:00,July,12:31:00,16569.3,49.55,16.95,2022-07-20T12:31:00.000000,vix_lower_than_threshold,2022-07-20 13:10:00,54.849999999999994,16544.35,stop_loss,16544.44605,-0.09605000000010477,-264.9999999999998,2022-07-21,PE,16350,16550,11.35,60.9,12.25,67.1,2022-07-20 12:53:00,292.49999999999983,2022-07-20 13:10:00,-264.9999999999998
2022-07-21 14:00:00,2022-07-21 14:16:00,July,14:16:00,16566.45,11.950000000000001,16.94,2022-07-21T14:16:00.000000,vix_lower_than_threshold,2022-07-21 15:20:00,0.05,16614.05,time_exit,16541.600325,72.44967499999984,595.0,2022-07-21,PE,16350,16550,0.45,12.4,0.05,0.1,2022-07-21 15:19:00,595.0,2022-07-21 15:19:00,595.0
2022-07-22 10:15:00,2022-07-22 10:31:00,July,10:31:00,16641.85,72.6,16.85,2022-07-22T10:31:00.000000,vix_lower_than_threshold,2022-07-22 10:41:00,77.10000000000001,16615.75,stop_loss,16616.887225,-1.1372249999985797,-225.0000000000007,2022-07-28,PE,16450,16650,61.5,134.1,66.2,143.3,2022-07-22 10:33:00,134.99999999999943,2022-07-22 10:41:00,-225.0000000000007
2022-07-22 11:30:00,2022-07-22 11:46:00,July,11:46:00,16657.65,66.25,16.73,2022-07-22T11:46:00.000000,vix_lower_than_threshold,2022-07-25 09:31:00,67.5,16649.55,time_exit,16632.663525,16.886474999999336,-62.500000000000355,2022-07-28,PE,16450,16650,53.6,119.85,42.5,110.0,2022-07-22 14:31:00,882.4999999999995,2022-07-25 09:31:00,-62.500000000000355
2022-07-27 15:00:00,2022-07-27 15:16:00,July,15:16:00,16643.6,53.95,18.09,2022-07-27T15:16:00.000000,vix_higher_than_threshold,2022-07-28 13:01:00,0.8499999999999999,16893.25,time_exit,16618.634599999998,274.6154000000024,2655.0000000000005,2022-07-28,PE,16450,16650,24.45,78.4,1.2,2.05,2022-07-28 12:39:00,2670.0000000000005,2022-07-28 12:51:00,2655.0000000000005
2022-07-28 13:45:00,2022-07-28 14:01:00,July,14:01:00,16922.2,66.85,17.08,2022-07-28T14:01:00.000000,vix_lower_than_threshold,2022-07-28 14:40:00,72.85,16895.65,stop_loss,16896.8167,-1.1666999999979453,-300.00000000000034,2022-08-04,PE,16700,16900,62.35,129.2,66.15,139.0,2022-07-28 14:13:00,19.999999999999574,2022-07-28 14:36:00,-307.5000000000006
2022-07-28 15:00:00,2022-07-28 15:16:00,July,15:16:00,16934.2,74.85,16.99,2022-07-28T15:16:00.000000,vix_lower_than_threshold,2022-07-28 15:20:00,74.99999999999999,16935.95,time_exit,16908.7987,27.151300000001356,-7.499999999999574,2022-08-04,PE,16750,16950,72.4,147.25,72.7,147.7,2022-07-28 15:18:00,-2.5000000000005684,2022-07-28 15:19:00,-7.499999999999574
2022-07-29 10:45:00,2022-07-29 11:01:00,July,11:01:00,17051.25,67.30000000000001,16.77,2022-07-29T11:01:00.000000,vix_lower_than_threshold,2022-07-29 15:01:00,47.6,17146.8,time_exit,17025.673125,121.12687499999811,985.0000000000001,2022-08-04,PE,16850,17050,55.1,122.4,33.35,80.95,2022-07-29 15:01:00,985.0000000000001,2022-07-29 15:01:00,985.0000000000001
2022-08-01 10:00:00,2022-08-01 10:16:00,August,10:16:00,17275.45,74.19999999999999,17.52,2022-08-01T10:16:00.000000,vix_lower_than_threshold,2022-08-01 11:28:00,81.4,17249.15,stop_loss,17249.536825,-0.38682499999777065,-360.0000000000001,2022-08-04,PE,17100,17300,52.15,126.35,57.1,138.5,2022-08-01 10:45:00,157.49999999999994,2022-08-01 11:28:00,-360.0000000000001
2022-08-01 12:15:00,2022-08-01 12:31:00,August,12:31:00,17285.75,69.1,17.52,2022-08-01T12:31:00.000000,vix_lower_than_threshold,2022-08-02 09:50:00,74.1,17259.75,stop_loss,17259.821375,-0.07137499999953434,-250.0,2022-08-04,PE,17100,17300,45.1,114.2,45.65,119.75,2022-08-01 15:08:00,937.4999999999998,2022-08-02 09:50:00,-250.0
2022-08-02 10:30:00,2022-08-02 10:46:00,August,10:46:00,17269.55,58.6,18.11,2022-08-02T10:46:00.000000,vix_higher_than_threshold,2022-08-02 11:02:00,65.3,17242.8,stop_loss,17243.645675,-0.8456750000004831,-334.9999999999998,2022-08-04,PE,17050,17250,33.85,92.45,38.3,103.6,2022-08-02 10:46:00,-12.499999999999645,2022-08-02 11:02:00,-334.9999999999998
2022-08-02 14:15:00,2022-08-02 14:31:00,August,14:31:00,17351.6,62.75,18.36,2022-08-02T14:31:00.000000,vix_higher_than_threshold,2022-08-02 15:20:00,68.05000000000001,17325.55,stop_loss,17325.5726,-0.02260000000023865,-265.0000000000002,2022-08-04,PE,17150,17350,34.2,96.95,38.65,106.7,2022-08-02 14:45:00,670.0000000000002,2022-08-02 15:20:00,-265.0000000000002
2022-08-03 09:45:00,2022-08-03 10:01:00,August,10:01:00,17319.65,56.5,18.96,2022-08-03T10:01:00.000000,vix_higher_than_threshold,2022-08-03 10:15:00,63.400000000000006,17291.2,stop_loss,17293.670525,-2.4705250000006345,-345.0000000000003,2022-08-04,PE,17100,17300,25.5,82.0,29.75,93.15,2022-08-03 10:03:00,22.499999999999787,2022-08-03 10:15:00,-345.0000000000003
2022-08-03 15:00:00,2022-08-03 15:16:00,August,15:16:00,17398.6,54.9,18.55,2022-08-03T15:16:00.000000,vix_higher_than_threshold,2022-08-04 11:16:00,44.75,17366.7,stop_loss,17372.502099999998,-5.802099999997154,507.49999999999994,2022-08-04,PE,17200,17400,17.15,72.05,4.5,49.25,2022-08-04 09:54:00,2145.0,2022-08-04 11:16:00,507.49999999999994
2022-08-05 09:45:00,2022-08-05 10:01:00,August,10:01:00,17449.0,72.9,19.01,2022-08-05T10:01:00.000000,vix_higher_than_threshold,2022-08-05 10:06:00,74.15,17402.9,stop_loss,17422.8265,-19.92649999999776,-62.5,2022-08-11,PE,17250,17450,79.9,152.8,82.5,156.65,2022-08-05 10:03:00,122.50000000000014,2022-08-05 10:05:00,-114.99999999999986
2022-08-05 11:00:00,2022-08-05 11:16:00,August,11:16:00,17465.0,66.60000000000001,18.89,2022-08-05T11:16:00.000000,vix_higher_than_threshold,2022-08-05 11:40:00,71.60000000000001,17437.75,stop_loss,17438.8025,-1.0525000000016007,-250.0,2022-08-11,PE,17250,17450,66.3,132.9,72.2,143.8,2022-08-05 11:16:00,-14.999999999999147,2022-08-05 11:40:00,-250.0
2022-08-05 12:00:00,2022-08-05 12:16:00,August,12:16:00,17449.0,71.70000000000002,18.91,2022-08-05T12:16:00.000000,vix_higher_than_threshold,2022-08-05 12:47:00,77.04999999999998,17410.75,stop_loss,17422.8265,-12.076499999999214,-267.4999999999983,2022-08-11,PE,17250,17450,71.6,143.3,79.65,156.7,2022-08-05 12:24:00,77.50000000000057,2022-08-05 12:47:00,-267.4999999999983
2022-08-08 12:00:00,2022-08-08 12:16:00,August,12:16:00,17507.8,63.199999999999996,19.46,2022-08-08T12:16:00.000000,vix_higher_than_threshold,2022-08-10 09:18:00,64.45,17479.25,stop_loss,17481.5383,-2.288300000000163,-62.500000000000355,2022-08-11,PE,17300,17500,45.1,108.3,34.7,99.15,2022-08-10 09:15:00,722.4999999999998,2022-08-10 09:18:00,-62.500000000000355
2022-08-10 10:00:00,2022-08-10 10:16:00,August,10:16:00,17513.1,57.650000000000006,19.99,2022-08-10T10:16:00.000000,vix_higher_than_threshold,2022-08-10 12:08:00,61.900000000000006,17482.0,stop_loss,17486.83035,-4.83035000000018,-212.5,2022-08-11,PE,17300,17500,27.75,85.4,27.5,89.4,2022-08-10 10:33:00,482.5000000000003,2022-08-10 11:25:00,-272.4999999999998
2022-08-11 10:15:00,2022-08-11 10:31:00,August,10:31:00,17692.3,35.95,18.79,2022-08-11T10:31:00.000000,vix_higher_than_threshold,2022-08-11 11:28:00,45.05,17645.85,stop_loss,17665.76155,-19.911550000000716,-454.9999999999999,2022-08-11,PE,17500,17700,6.5,42.45,6.95,52.0,2022-08-11 10:31:00,-9.99999999999992,2022-08-11 11:28:00,-454.9999999999999
2022-08-11 12:15:00,2022-08-11 12:31:00,August,12:31:00,17681.35,35.75,18.71,2022-08-11T12:31:00.000000,vix_higher_than_threshold,2022-08-11 13:23:00,49.85,17645.75,stop_loss,17654.827975,-9.077975000000151,-705.0000000000002,2022-08-11,PE,17500,17700,2.9,38.65,2.85,52.7,2022-08-11 12:31:00,-5.000000000000204,2022-08-11 13:21:00,-840.0000000000002
2022-08-11 14:15:00,2022-08-11 14:31:00,August,14:31:00,17665.45,65.25,18.51,2022-08-11T14:31:00.000000,vix_higher_than_threshold,2022-08-11 15:20:00,68.0,17650.25,time_exit,17638.951825,11.298174999999901,-137.5,2022-08-18,PE,17450,17650,54.95,120.2,54.3,122.3,2022-08-11 14:34:00,72.50000000000014,2022-08-11 14:57:00,-237.5
2022-08-12 12:45:00,2022-08-12 13:01:00,August,13:01:00,17709.55,62.75,17.54,2022-08-12T13:01:00.000000,vix_lower_than_threshold,2022-08-12 14:28:00,68.75,17681.3,stop_loss,17682.985675,-1.6856750000006286,-300.0,2022-08-18,PE,17500,17700,41.0,103.75,45.0,113.75,2022-08-12 13:50:00,247.49999999999977,2022-08-12 14:28:00,-300.0
2022-08-12 15:00:00,2022-08-12 15:16:00,August,15:16:00,17702.45,63.949999999999996,17.59,2022-08-12T15:16:00.000000,vix_lower_than_threshold,2022-08-16 13:01:00,30.15,17796.05,time_exit,17675.896325,120.15367499999775,1689.9999999999998,2022-08-18,PE,17500,17700,42.4,106.35,11.85,42.0,2022-08-16 11:06:00,2029.9999999999998,2022-08-16 11:57:00,1539.9999999999998
2022-08-16 13:30:00,2022-08-16 13:46:00,August,13:46:00,17786.8,58.800000000000004,17.9,2022-08-16T13:46:00.000000,vix_lower_than_threshold,2022-08-17 11:31:00,17.25,17932.55,time_exit,17760.1198,172.43019999999888,2077.5,2022-08-18,PE,17600,17800,22.85,81.65,6.5,23.75,2022-08-17 11:30:00,2097.5,2022-08-17 11:31:00,2077.5
2022-08-17 14:45:00,2022-08-17 15:01:00,August,15:01:00,17958.2,40.45,17.59,2022-08-17T15:01:00.000000,vix_lower_than_threshold,2022-08-17 15:25:00,49.6,17931.2,stop_loss,17931.2627,-0.06269999999858555,-457.5000000000001,2022-08-18,PE,17750,17950,11.4,51.85,13.35,62.95,2022-08-17 15:01:00,-12.499999999999911,2022-08-17 15:25:00,-457.5000000000001
2022-08-25 10:45:00,2022-08-25 11:01:00,August,11:01:00,17699.3,27.900000000000002,18.51,2022-08-25T11:01:00.000000,vix_higher_than_threshold,2022-08-25 11:15:00,51.35,17667.35,stop_loss,17672.75105,-5.401050000000396,-1172.5,2022-08-25,PE,17500,17700,3.2,31.1,5.75,57.1,2022-08-25 11:01:00,-7.499999999999907,2022-08-25 11:15:00,-1172.5
2022-08-25 11:30:00,2022-08-25 11:46:00,August,11:46:00,17679.8,34.5,18.56,2022-08-25T11:46:00.000000,vix_higher_than_threshold,2022-08-25 14:32:00,41.15,17649.8,stop_loss,17653.2803,-3.4802999999992608,-332.50000000000006,2022-08-25,PE,17500,17700,2.75,37.25,0.7,41.85,2022-08-25 13:00:00,1125.0,2022-08-25 14:32:00,-332.50000000000006
2022-08-30 13:00:00,2022-08-30 13:16:00,August,13:16:00,17631.4,63.85,19.0,2022-08-30T13:16:00.000000,vix_higher_than_threshold,2022-09-01 09:15:00,107.25,17485.7,stop_loss,17604.9529,-119.2528999999995,-2170.0,2022-09-01,PE,17450,17650,41.35,105.2,40.75,148.0,2022-08-30 15:22:00,2167.5000000000005,2022-09-01 09:15:00,-2170.0
2022-09-01 10:00:00,2022-09-01 10:16:00,September,10:16:00,17668.65,73.0,19.68,2022-09-01T10:16:00.000000,vix_higher_than_threshold,2022-09-01 10:39:00,79.95000000000002,17631.0,stop_loss,17642.147025000002,-11.147025000002031,-347.50000000000085,2022-09-08,PE,17450,17650,96.0,169.0,102.85,182.8,2022-09-01 10:26:00,129.99999999999972,2022-09-01 10:39:00,-347.50000000000085
2022-09-02 12:00:00,2022-09-02 12:16:00,September,12:16:00,17560.75,71.20000000000002,19.7,2022-09-02T12:16:00.000000,vix_higher_than_threshold,2022-09-02 14:53:00,78.80000000000001,17534.0,stop_loss,17534.408875,-0.40887500000098953,-379.9999999999997,2022-09-08,PE,17350,17550,82.85,154.05,87.1,165.9,2022-09-02 14:16:00,575.0000000000007,2022-09-02 14:53:00,-379.9999999999997
2022-09-05 12:00:00,2022-09-05 12:16:00,September,12:16:00,17659.25,66.80000000000001,19.76,2022-09-05T12:16:00.000000,vix_higher_than_threshold,2022-09-05 13:44:00,71.65,17630.2,stop_loss,17632.761125,-2.5611250000001746,-242.50000000000043,2022-09-08,PE,17450,17650,57.15,123.95,62.9,134.55,2022-09-05 12:33:00,265.0000000000002,2022-09-05 13:44:00,-242.50000000000043
2022-09-05 13:45:00,2022-09-05 14:01:00,September,14:01:00,17662.45,64.25,19.75,2022-09-05T14:01:00.000000,vix_higher_than_threshold,2022-09-06 10:12:00,74.10000000000001,17633.15,stop_loss,17635.956325,-2.8063249999977415,-492.50000000000045,2022-09-08,PE,17450,17650,53.5,117.75,56.3,130.4,2022-09-06 09:16:00,1012.4999999999997,2022-09-06 10:12:00,-492.50000000000045
2022-09-06 11:00:00,2022-09-06 11:16:00,September,11:16:00,17671.3,60.849999999999994,19.54,2022-09-06T11:16:00.000000,vix_higher_than_threshold,2022-09-06 11:22:00,66.25,17643.9,stop_loss,17644.79305,-0.893049999998766,-270.0000000000003,2022-09-08,PE,17450,17650,38.7,99.55,43.3,109.55,2022-09-06 11:17:00,2.4999999999995026,2022-09-06 11:22:00,-270.0000000000003
2022-09-06 11:30:00,2022-09-06 11:46:00,September,11:46:00,17672.45,61.199999999999996,19.51,2022-09-06T11:46:00.000000,vix_higher_than_threshold,2022-09-06 14:44:00,63.7,17639.45,stop_loss,17645.941325,-6.491324999999051,-125.00000000000036,2022-09-08,PE,17450,17650,38.1,99.3,37.5,101.2,2022-09-06 13:35:00,672.4999999999994,2022-09-06 14:41:00,-175.0
2022-09-08 13:15:00,2022-09-08 13:31:00,September,13:31:00,17738.4,37.2,18.71,2022-09-08T13:31:00.000000,vix_higher_than_threshold,2022-09-08 15:20:00,0.04999999999999999,17791.2,time_exit,17711.792400000002,79.40759999999864,1857.5000000000002,2022-09-08,PE,17550,17750,3.15,40.35,0.1,0.15,2022-09-08 15:20:00,1857.5000000000002,2022-09-08 15:20:00,1857.5000000000002
2022-09-09 12:30:00,2022-09-09 12:46:00,September,12:46:00,17859.85,65.85,17.67,2022-09-09T12:46:00.000000,vix_lower_than_threshold,2022-09-09 13:04:00,72.0,17832.9,stop_loss,17833.060224999997,-0.1602249999959895,-307.49999999999994,2022-09-15,PE,17650,17850,56.6,122.45,64.1,136.1,2022-09-09 12:46:00,-14.999999999999503,2022-09-09 13:04:00,-307.49999999999994
2022-09-12 10:00:00,2022-09-12 10:16:00,September,10:16:00,17966.35,63.05,17.98,2022-09-12T10:16:00.000000,vix_lower_than_threshold,2022-09-12 10:34:00,67.95,17937.95,stop_loss,17939.400475,-1.450474999997823,-245.00000000000028,2022-09-15,PE,17750,17950,46.3,109.35,50.95,118.9,2022-09-12 10:16:00,-12.5,2022-09-12 10:34:00,-245.00000000000028
2022-09-12 12:00:00,2022-09-12 12:16:00,September,12:16:00,17964.8,62.849999999999994,17.86,2022-09-12T12:16:00.000000,vix_lower_than_threshold,2022-09-12 13:57:00,65.6,17936.15,stop_loss,17937.8528,-1.7027999999991152,-137.5,2022-09-15,PE,17750,17950,44.5,107.35,47.2,112.8,2022-09-12 12:41:00,124.99999999999964,2022-09-12 12:50:00,-200.0000000000007
2022-09-12 14:00:00,2022-09-12 14:16:00,September,14:16:00,17973.0,57.800000000000004,17.83,2022-09-12T14:16:00.000000,vix_lower_than_threshold,2022-09-12 14:31:00,64.25,17945.2,stop_loss,17946.0405,-0.8404999999984284,-322.5000000000001,2022-09-15,PE,17750,17950,41.15,98.95,46.4,110.65,2022-09-12 14:18:00,12.500000000000355,2022-09-12 14:31:00,-322.5000000000001
2022-09-13 12:45:00,2022-09-13 13:01:00,September,13:01:00,18076.15,65.65,17.71,2022-09-13T13:01:00.000000,vix_lower_than_threshold,2022-09-14 09:15:00,159.54999999999998,17771.15,stop_loss,18049.035775,-277.88577499999883,-4695.0,2022-09-15,PE,17900,18100,39.05,104.7,141.4,300.95,2022-09-13 13:55:00,132.49999999999994,2022-09-14 09:15:00,-4695.0
2022-09-14 14:00:00,2022-09-14 14:16:00,September,14:16:00,18065.85,49.949999999999996,18.07,2022-09-14T14:16:00.000000,vix_higher_than_threshold,2022-09-14 15:01:00,53.7,18033.0,stop_loss,18038.751225,-5.751224999999977,-187.50000000000034,2022-09-15,PE,17850,18050,23.15,73.1,26.25,79.95,2022-09-14 14:28:00,379.9999999999999,2022-09-14 15:01:00,-187.50000000000034
2022-09-20 12:00:00,2022-09-20 12:16:00,September,12:16:00,17880.4,69.60000000000001,18.82,2022-09-20T12:16:00.000000,vix_higher_than_threshold,2022-09-20 14:50:00,78.75,17844.7,stop_loss,17853.579400000002,-8.879400000001624,-457.49999999999994,2022-09-22,PE,17700,17900,50.8,120.4,57.15,135.9,2022-09-20 12:37:00,420.0000000000003,2022-09-20 13:48:00,-462.49999999999966
2022-09-30 13:15:00,2022-09-30 13:31:00,September,13:31:00,17102.85,72.4,20.09,2022-09-30T13:31:00.000000,vix_higher_than_threshold,2022-09-30 15:09:00,72.35,17066.55,stop_loss,17077.195724999998,-10.645724999998492,2.5000000000005684,2022-10-06,PE,16900,17100,92.15,164.55,89.65,162.0,2022-09-30 14:26:00,825.0,2022-09-30 15:09:00,2.5000000000005684
2022-09-30 15:15:00,2022-10-03 09:16:00,October,09:16:00,17076.2,76.30000000000001,21.19,2022-10-03T09:16:00.000000,vix_higher_than_threshold,2022-10-03 09:16:00,76.89999999999999,17029.8,stop_loss,17050.5857,-20.78570000000036,-29.999999999999005,2022-10-06,PE,16900,17100,92.5,168.8,92.3,169.2,2022-10-03 09:16:00,-29.999999999999005,2022-10-03 09:16:00,-29.999999999999005
2022-10-04 10:30:00,2022-10-04 10:46:00,October,10:46:00,17251.4,59.2,19.99,2022-10-04T10:46:00.000000,vix_higher_than_threshold,2022-10-04 10:57:00,65.75,17222.9,stop_loss,17225.5229,-2.622899999998481,-327.50000000000006,2022-10-06,PE,17050,17250,31.7,90.9,34.9,100.65,2022-10-04 10:46:00,-12.499999999999467,2022-10-04 10:57:00,-327.50000000000006
2022-10-04 11:30:00,2022-10-04 11:46:00,October,11:46:00,17220.3,53.9,19.83,2022-10-04T11:46:00.000000,vix_higher_than_threshold,2022-10-06 09:31:00,5.45,17396.15,time_exit,17194.469549999998,201.68045000000347,2422.5,2022-10-06,PE,17000,17200,25.9,79.8,2.0,7.45,2022-10-06 09:31:00,2422.5,2022-10-06 09:31:00,2422.5
2022-10-06 09:45:00,2022-10-06 10:01:00,October,10:01:00,17400.5,39.65,19.8,2022-10-06T10:01:00.000000,vix_higher_than_threshold,2022-10-06 11:24:00,47.1,17370.9,stop_loss,17374.39925,-3.4992499999971187,-372.5000000000001,2022-10-06,PE,17200,17400,6.85,46.5,4.6,51.7,2022-10-06 10:32:00,507.5000000000001,2022-10-06 11:22:00,-482.5000000000001
2022-10-06 12:00:00,2022-10-06 12:16:00,October,12:16:00,17386.85,40.15,19.48,2022-10-06T12:16:00.000000,vix_higher_than_threshold,2022-10-06 12:30:00,49.1,17360.05,stop_loss,17360.769725,-0.7197249999990163,-447.4999999999999,2022-10-06,PE,17200,17400,3.2,43.35,4.55,53.65,2022-10-06 12:20:00,222.50000000000006,2022-10-06 12:30:00,-447.4999999999999
2022-10-06 12:30:00,2022-10-06 12:46:00,October,12:46:00,17395.95,32.8,19.38,2022-10-06T12:46:00.000000,vix_higher_than_threshold,2022-10-06 13:59:00,38.900000000000006,17368.4,stop_loss,17369.856075,-1.4560749999982363,-305.0000000000003,2022-10-06,PE,17200,17400,3.25,36.05,1.3,40.2,2022-10-06 13:38:00,549.9999999999999,2022-10-06 13:55:00,-390.0
2022-10-07 15:15:00,2022-10-10 09:16:00,October,09:16:00,17126.25,82.4,20.07,2022-10-10T09:16:00.000000,vix_higher_than_threshold,2022-10-10 09:17:00,81.75,17099.7,stop_loss,17100.560625,-0.8606249999975262,32.500000000000284,2022-10-13,PE,16950,17150,75.35,157.75,74.25,156.0,2022-10-10 09:17:00,32.500000000000284,2022-10-10 09:17:00,32.500000000000284
2022-10-14 09:45:00,2022-10-14 10:01:00,October,10:01:00,17306.85,70.80000000000001,18.6,2022-10-14T10:01:00.000000,vix_higher_than_threshold,2022-10-14 10:27:00,75.9,17277.95,stop_loss,17280.889724999997,-2.9397249999965425,-254.99999999999972,2022-10-20,PE,17100,17300,68.85,139.65,73.5,149.4,2022-10-14 10:16:00,-9.999999999999432,2022-10-14 10:27:00,-254.99999999999972
2022-10-14 10:45:00,2022-10-14 11:01:00,October,11:01:00,17285.0,76.2,18.49,2022-10-14T11:01:00.000000,vix_higher_than_threshold,2022-10-14 13:55:00,80.14999999999999,17257.5,stop_loss,17259.0725,-1.5724999999983993,-197.49999999999943,2022-10-20,PE,17100,17300,76.7,152.9,81.7,161.85,2022-10-14 12:15:00,687.5000000000003,2022-10-14 13:53:00,-202.49999999999986
2022-10-17 13:15:00,2022-10-17 13:31:00,October,13:31:00,17322.6,63.449999999999996,18.58,2022-10-17T13:31:00.000000,vix_higher_than_threshold,2022-10-17 13:55:00,67.75,17296.15,stop_loss,17296.6161,-0.46609999999782303,-215.00000000000023,2022-10-20,PE,17100,17300,52.9,116.35,57.2,124.95,2022-10-17 13:31:00,-17.50000000000007,2022-10-17 13:55:00,-215.00000000000023
2022-10-17 14:30:00,2022-10-17 14:46:00,October,14:46:00,17309.6,66.45,18.42,2022-10-17T14:46:00.000000,vix_higher_than_threshold,2022-10-18 12:31:00,21.2,17489.9,time_exit,17283.635599999998,206.26440000000366,2262.5,2022-10-20,PE,17100,17300,54.2,120.65,12.3,33.5,2022-10-18 12:14:00,2397.5,2022-10-18 12:27:00,2260.0000000000005
2022-10-18 12:45:00,2022-10-18 13:01:00,October,13:01:00,17494.8,59.89999999999999,17.53,2022-10-18T13:01:00.000000,vix_lower_than_threshold,2022-10-18 13:46:00,66.6,17465.1,stop_loss,17468.5578,-3.457800000000134,-335.00000000000034,2022-10-20,PE,17300,17500,30.95,90.85,33.35,99.95,2022-10-18 13:06:00,122.4999999999996,2022-10-18 13:45:00,-385.0000000000007
2022-10-19 10:15:00,2022-10-19 10:31:00,October,10:31:00,17603.95,54.49999999999999,17.3,2022-10-19T10:31:00.000000,vix_lower_than_threshold,2022-10-19 11:00:00,59.95,17573.25,stop_loss,17577.544075,-4.294075000001612,-272.5000000000007,2022-10-20,PE,17400,17600,19.6,74.1,20.95,80.9,2022-10-19 10:40:00,64.9999999999995,2022-10-19 11:00:00,-272.5000000000007
2022-10-19 13:15:00,2022-10-19 13:31:00,October,13:31:00,17537.0,56.95,17.24,2022-10-19T13:31:00.000000,vix_lower_than_threshold,2022-10-19 13:59:00,66.5,17508.6,stop_loss,17510.6945,-2.0945000000028813,-477.49999999999966,2022-10-20,PE,17350,17550,16.8,73.75,20.35,86.85,2022-10-19 13:34:00,139.9999999999997,2022-10-19 13:59:00,-477.49999999999966
2022-10-20 14:30:00,2022-10-20 14:46:00,October,14:46:00,17531.55,79.35,17.42,2022-10-20T14:46:00.000000,vix_lower_than_threshold,2022-10-20 15:20:00,71.95,17576.85,time_exit,17505.252675,71.59732499999882,369.99999999999955,2022-10-27,PE,17350,17550,76.25,155.6,64.05,136.0,2022-10-20 15:19:00,374.9999999999993,2022-10-20 15:20:00,369.99999999999955
2022-10-21 10:00:00,2022-10-21 10:16:00,October,10:16:00,17645.85,75.14999999999999,16.86,2022-10-21T10:16:00.000000,vix_lower_than_threshold,2022-10-21 13:38:00,79.35000000000001,17613.7,stop_loss,17619.381224999997,-5.68122499999663,-210.00000000000085,2022-10-27,PE,17450,17650,52.95,128.1,54.3,133.65,2022-10-21 11:45:00,507.49999999999955,2022-10-21 13:38:00,-210.00000000000085
2022-10-25 11:45:00,2022-10-25 12:01:00,October,12:01:00,17693.15,54.25000000000001,16.76,2022-10-25T12:01:00.000000,vix_lower_than_threshold,2022-10-25 12:42:00,65.65,17663.65,stop_loss,17666.610275000003,-2.9602750000012747,-569.9999999999997,2022-10-27,PE,17500,17700,14.65,68.9,17.85,83.5,2022-10-25 12:03:00,162.50000000000009,2022-10-25 12:42:00,-569.9999999999997
2022-10-27 11:00:00,2022-10-27 11:16:00,October,11:16:00,17737.1,36.95,16.7,2022-10-27T11:16:00.000000,vix_lower_than_threshold,2022-10-27 11:52:00,52.300000000000004,17708.45,stop_loss,17710.494349999997,-2.0443499999964843,-767.5,2022-10-27,PE,17550,17750,1.75,38.7,1.65,53.95,2022-10-27 11:16:00,-4.99999999999986,2022-10-27 11:52:00,-767.5
2022-10-28 10:00:00,2022-10-28 10:16:00,October,10:16:00,17835.55,73.4,16.39,2022-10-28T10:16:00.000000,vix_lower_than_threshold,2022-10-28 10:43:00,79.55,17804.1,stop_loss,17808.796674999998,-4.696674999999232,-307.49999999999955,2022-11-03,PE,17650,17850,66.1,139.5,70.95,150.5,2022-10-28 10:20:00,5.000000000001137,2022-10-28 10:43:00,-307.49999999999955
2022-10-31 10:00:00,2022-10-31 10:16:00,October,10:16:00,17964.75,59.35000000000001,15.95,2022-10-31T10:16:00.000000,vix_lower_than_threshold,2022-10-31 10:53:00,65.4,17937.65,stop_loss,17937.802875,-0.15287499999976717,-302.4999999999995,2022-11-03,PE,17750,17950,36.3,95.65,39.35,104.75,2022-10-31 10:17:00,-4.999999999999716,2022-10-31 10:53:00,-302.4999999999995
2022-10-31 11:00:00,2022-10-31 11:16:00,October,11:16:00,17968.25,57.5,15.79,2022-10-31T11:16:00.000000,vix_lower_than_threshold,2022-10-31 15:16:00,50.55,18013.55,time_exit,17941.297625,72.25237500000003,347.49999999999994,2022-11-03,PE,17750,17950,34.55,92.05,30.2,80.75,2022-10-31 15:14:00,447.4999999999998,2022-10-31 15:16:00,347.49999999999994
2022-11-01 09:45:00,2022-11-01 10:01:00,November,10:01:00,18141.45,63.25,15.89,2022-11-01T10:01:00.000000,vix_lower_than_threshold,2022-11-01 12:36:00,71.0,18108.25,stop_loss,18114.237825,-5.987825000000157,-387.5,2022-11-03,PE,17950,18150,34.3,97.55,37.0,108.0,2022-11-01 10:58:00,437.49999999999966,2022-11-01 12:36:00,-387.5
2022-11-01 13:15:00,2022-11-01 13:31:00,November,13:31:00,18107.35,55.65,16.12,2022-11-01T13:31:00.000000,vix_lower_than_threshold,2022-11-02 11:16:00,51.800000000000004,18120.3,time_exit,18080.188974999997,40.11102500000197,192.49999999999972,2022-11-03,PE,17900,18100,26.4,82.05,19.4,71.2,2022-11-02 09:15:00,942.4999999999999,2022-11-02 11:07:00,-127.50000000000003
2022-11-04 14:45:00,2022-11-04 15:01:00,November,15:01:00,18091.7,65.55000000000001,15.63,2022-11-04T15:01:00.000000,vix_lower_than_threshold,2022-11-07 12:46:00,54.4,18116.5,time_exit,18064.56245,51.93754999999874,557.5000000000002,2022-11-10,PE,17900,18100,41.85,107.4,23.15,77.55,2022-11-07 09:22:00,1852.4999999999998,2022-11-07 10:59:00,339.9999999999999
2022-11-09 12:30:00,2022-11-09 12:46:00,November,12:46:00,18192.0,49.9,15.87,2022-11-09T12:46:00.000000,vix_lower_than_threshold,2022-11-09 14:40:00,61.35,18150.2,stop_loss,18164.712,-14.511999999998807,-572.5000000000003,2022-11-10,PE,18000,18200,10.65,60.55,11.35,72.7,2022-11-09 13:51:00,614.9999999999998,2022-11-09 14:40:00,-572.5000000000003
2022-11-11 10:00:00,2022-11-11 10:16:00,November,10:16:00,18315.55,60.2,14.73,2022-11-11T10:16:00.000000,vix_lower_than_threshold,2022-11-11 10:32:00,64.45,18281.3,stop_loss,18288.076675,-6.776675000000978,-212.5,2022-11-17,PE,18100,18300,36.8,97.0,39.55,104.0,2022-11-11 10:17:00,5.000000000000426,2022-11-11 10:32:00,-212.5
2022-11-11 10:45:00,2022-11-11 11:01:00,November,11:01:00,18313.35,60.25,14.66,2022-11-11T11:01:00.000000,vix_lower_than_threshold,2022-11-11 15:01:00,49.95,18355.95,time_exit,18285.879975,70.0700250000009,515.0,2022-11-17,PE,18100,18300,35.95,96.2,28.8,78.75,2022-11-11 15:00:00,529.9999999999999,2022-11-11 15:01:00,515.0
2022-11-14 10:30:00,2022-11-14 10:46:00,November,10:46:00,18345.55,62.4,14.99,2022-11-14T10:46:00.000000,vix_lower_than_threshold,2022-11-14 12:58:00,61.349999999999994,18317.8,stop_loss,18318.031675,-0.23167499999908614,52.50000000000021,2022-11-17,PE,18150,18350,29.6,92.0,29.25,90.6,2022-11-14 11:05:00,269.99999999999955,2022-11-14 12:06:00,-70.00000000000028
2022-11-15 14:45:00,2022-11-15 15:01:00,November,15:01:00,18372.55,42.1,14.68,2022-11-15T15:01:00.000000,vix_lower_than_threshold,2022-11-16 12:46:00,27.450000000000003,18416.35,time_exit,18344.991175,71.35882499999934,732.5000000000001,2022-11-17,PE,18150,18350,12.1,54.2,6.4,33.85,2022-11-16 11:34:00,905.0000000000001,2022-11-16 12:10:00,315.0000000000001
2022-11-17 14:30:00,2022-11-17 14:46:00,November,14:46:00,18394.75,17.95,14.84,2022-11-17T14:46:00.000000,vix_lower_than_threshold,2022-11-17 15:10:00,31.7,18359.15,stop_loss,18367.157875,-8.00787499999933,-687.5,2022-11-17,PE,18200,18400,0.3,18.25,0.05,31.75,2022-11-17 14:51:00,447.49999999999994,2022-11-17 15:10:00,-687.5
2022-11-24 11:30:00,2022-11-24 11:46:00,November,11:46:00,18373.5,14.0,13.63,2022-11-24T11:46:00.000000,vix_lower_than_threshold,2022-11-24 15:20:00,0.0,18513.9,time_exit,18345.93975,167.9602500000001,699.9999999999999,2022-11-24,PE,18150,18350,1.45,15.45,0.15,0.15,2022-11-24 15:19:00,699.9999999999999,2022-11-24 15:19:00,699.9999999999999
2022-11-25 10:00:00,2022-11-25 10:16:00,November,10:16:00,18472.7,51.25,13.09,2022-11-25T10:16:00.000000,vix_lower_than_threshold,2022-11-25 14:16:00,46.75000000000001,18477.2,time_exit,18444.99095,32.2090500000013,224.99999999999966,2022-12-01,PE,18250,18450,25.0,76.25,23.4,70.15,2022-11-25 14:06:00,609.9999999999998,2022-11-25 14:16:00,224.99999999999966
2022-11-28 10:00:00,2022-11-28 10:16:00,November,10:16:00,18546.1,54.25,13.49,2022-11-28T10:16:00.000000,vix_lower_than_threshold,2022-11-28 14:16:00,43.9,18584.95,time_exit,18518.28085,66.66915000000154,517.5000000000002,2022-12-01,PE,18350,18550,23.95,78.2,19.5,63.4,2022-11-28 13:46:00,825.0000000000002,2022-11-28 14:10:00,435.0000000000005
2022-11-29 10:15:00,2022-11-29 10:31:00,November,10:31:00,18640.05,53.6,13.54,2022-11-29T10:31:00.000000,vix_lower_than_threshold,2022-11-29 14:31:00,45.199999999999996,18647.95,time_exit,18612.089925,35.860075000000506,420.0000000000003,2022-12-01,PE,18450,18650,19.15,72.75,16.1,61.3,2022-11-29 13:34:00,762.5000000000002,2022-11-29 14:25:00,267.5000000000002
2022-11-30 13:00:00,2022-11-30 13:16:00,November,13:16:00,18664.45,33.65,13.58,2022-11-30T13:16:00.000000,vix_lower_than_threshold,2022-12-01 11:01:00,0.8499999999999999,18838.6,time_exit,18636.453325000002,202.14667499999632,1639.9999999999998,2022-12-01,PE,18450,18650,8.15,41.8,1.05,1.9,2022-12-01 11:00:00,1647.5000000000002,2022-12-01 11:01:00,1639.9999999999998
2022-12-01 12:00:00,2022-12-01 12:16:00,December,12:16:00,18832.9,31.5,13.45,2022-12-01T12:16:00.000000,vix_lower_than_threshold,2022-12-01 13:25:00,32.9,18800.1,stop_loss,18804.650650000003,-4.55065000000468,-70.0,2022-12-01,PE,18650,18850,1.75,33.25,1.35,34.25,2022-12-01 13:17:00,805.0000000000001,2022-12-01 13:25:00,-70.0
2022-12-02 15:15:00,2022-12-05 09:16:00,December,09:16:00,18683.7,60.24999999999999,14.05,2022-12-05T09:16:00.000000,vix_lower_than_threshold,2022-12-05 09:29:00,68.25,18653.15,stop_loss,18655.674450000002,-2.5244500000007974,-400.0000000000005,2022-12-08,PE,18500,18700,27.1,87.35,29.2,97.45,2022-12-05 09:16:00,-7.500000000000462,2022-12-05 09:29:00,-400.0000000000005
2022-12-05 15:00:00,2022-12-05 15:16:00,December,15:16:00,18710.15,54.6,13.68,2022-12-05T15:16:00.000000,vix_lower_than_threshold,2022-12-06 09:15:00,79.95,18600.65,stop_loss,18682.084775000003,-81.43477500000154,-1267.5,2022-12-08,PE,18500,18700,19.65,74.25,30.05,110.0,2022-12-05 15:17:00,85.00000000000014,2022-12-06 09:15:00,-1267.5
2022-12-13 15:00:00,2022-12-13 15:16:00,December,15:16:00,18602.55,49.550000000000004,12.88,2022-12-13T15:16:00.000000,vix_lower_than_threshold,2022-12-14 13:01:00,23.05,18674.4,time_exit,18574.646174999998,99.75382500000342,1325.0000000000002,2022-12-15,PE,18400,18600,20.1,69.65,5.8,28.85,2022-12-14 11:31:00,1630.0000000000005,2022-12-14 13:01:00,1325.0000000000002
2022-12-28 10:45:00,2022-12-28 11:01:00,December,11:01:00,18129.45,55.5,15.48,2022-12-28T11:01:00.000000,vix_lower_than_threshold,2022-12-28 14:57:00,60.3,18101.85,stop_loss,18102.255825,-0.40582500000164146,-240.00000000000003,2022-12-29,PE,17950,18150,19.75,75.25,16.2,76.5,2022-12-28 14:10:00,992.4999999999999,2022-12-28 14:55:00,-295.0000000000003
2022-12-29 14:30:00,2022-12-29 14:46:00,December,14:46:00,18126.0,33.400000000000006,15.1,2022-12-29T14:46:00.000000,vix_lower_than_threshold,2022-12-29 15:20:00,0.15000000000000002,18201.85,time_exit,18098.811,103.03899999999703,1662.5,2022-12-29,PE,17950,18150,0.8,34.2,0.05,0.2,2022-12-29 15:19:00,1662.5,2022-12-29 15:19:00,1662.5
2022-12-30 10:15:00,2022-12-30 10:31:00,December,10:31:00,18236.25,65.25,14.38,2022-12-30T10:31:00.000000,vix_lower_than_threshold,2022-12-30 11:32:00,75.7,18206.6,stop_loss,18208.895625,-2.295625000002474,-522.5000000000001,2023-01-05,PE,18050,18250,42.7,107.95,52.25,127.95,2022-12-30 10:41:00,124.99999999999964,2022-12-30 11:32:00,-522.5000000000001
2022-12-30 12:30:00,2022-12-30 12:46:00,December,12:46:00,18232.8,68.15,14.47,2022-12-30T12:46:00.000000,vix_lower_than_threshold,2022-12-30 13:02:00,74.6,18202.7,stop_loss,18205.4508,-2.75079999999798,-322.4999999999998,2023-01-05,PE,18050,18250,45.25,113.4,50.85,125.45,2022-12-30 12:46:00,-14.999999999999503,2022-12-30 13:02:00,-322.4999999999998
2022-12-30 13:15:00,2022-12-30 13:31:00,December,13:31:00,18210.35,61.400000000000006,14.55,2022-12-30T13:31:00.000000,vix_lower_than_threshold,2022-12-30 13:51:00,68.05,18170.25,stop_loss,18183.034474999997,-12.784474999996746,-332.49999999999955,2023-01-05,PE,18000,18200,40.3,101.7,46.3,114.35,2022-12-30 13:35:00,-12.5,2022-12-30 13:51:00,-332.49999999999955
